"","Sample","Phase1_treatment","Phase1_temp","Phase1_DO","Module","Eigengene"
"1","B1_Nu_O03","both","warm","hypoxic","MEmagenta",-0.0563179632650095
"2","B4_Nu_O32","both","warm","hypoxic","MEmagenta",-0.032307698555758
"3","B5_Nu_O36","both","warm","hypoxic","MEmagenta",-0.0441006957337416
"4","B6_Nu_O47","both","warm","hypoxic","MEmagenta",-0.0192880188844668
"5","C1_Nu_W01","control","ambient","normoxic","MEmagenta",-0.0617700751350299
"6","C1_Nu_W05","control","ambient","normoxic","MEmagenta",-0.0652466233025249
"7","C2_Nu_W15","control","ambient","normoxic","MEmagenta",-0.0572111734768682
"8","C3_Nu_W21","control","ambient","normoxic","MEmagenta",-0.0207919473658897
"9","C4_Nu_W29","control","ambient","normoxic","MEmagenta",-0.0460205367533233
"10","C6_Nu_W42","control","ambient","normoxic","MEmagenta",-0.076171378284581
"11","H1_Nu_B08","hypoxic","ambient","hypoxic","MEmagenta",-0.0370087614496072
"12","H2_Nu_B14","hypoxic","ambient","hypoxic","MEmagenta",-0.066607823232085
"13","H3_Nu_B18","hypoxic","ambient","hypoxic","MEmagenta",-0.0832377583195969
"14","H4_Nu_B28","hypoxic","ambient","hypoxic","MEmagenta",-0.0117991226974418
"15","H5_Nu_B35","hypoxic","ambient","hypoxic","MEmagenta",0.970272806705415
"16","W1_Nu_G02","warm","warm","normoxic","MEmagenta",-0.0279508923585574
"17","W2_Nu_G15","warm","warm","normoxic","MEmagenta",-0.0607077719368647
"18","W3_Nu_G21","warm","warm","normoxic","MEmagenta",-0.0876311630962483
"19","W4_Nu_G27","warm","warm","normoxic","MEmagenta",-0.0527407697906077
"20","W6_Nu_G41","warm","warm","normoxic","MEmagenta",-0.0672574575835293
"21","W6_Nu_G45","warm","warm","normoxic","MEmagenta",0.00389482451631628
"22","B1_Nu_O03","both","warm","hypoxic","MEviolet",-0.0595151576683976
"23","B4_Nu_O32","both","warm","hypoxic","MEviolet",-0.0631599568526794
"24","B5_Nu_O36","both","warm","hypoxic","MEviolet",-0.0808570743321818
"25","B6_Nu_O47","both","warm","hypoxic","MEviolet",-0.0888242113142851
"26","C1_Nu_W01","control","ambient","normoxic","MEviolet",-0.0841090691567525
"27","C1_Nu_W05","control","ambient","normoxic","MEviolet",0.268429753594639
"28","C2_Nu_W15","control","ambient","normoxic","MEviolet",-0.110346599896505
"29","C3_Nu_W21","control","ambient","normoxic","MEviolet",-0.0532043872125321
"30","C4_Nu_W29","control","ambient","normoxic","MEviolet",0.556602934063107
"31","C6_Nu_W42","control","ambient","normoxic","MEviolet",-0.100284264888599
"32","H1_Nu_B08","hypoxic","ambient","hypoxic","MEviolet",-0.0616961229528382
"33","H2_Nu_B14","hypoxic","ambient","hypoxic","MEviolet",-0.10894541950433
"34","H3_Nu_B18","hypoxic","ambient","hypoxic","MEviolet",-0.123365278508607
"35","H4_Nu_B28","hypoxic","ambient","hypoxic","MEviolet",-0.0676346551511783
"36","H5_Nu_B35","hypoxic","ambient","hypoxic","MEviolet",-0.0486637626696566
"37","W1_Nu_G02","warm","warm","normoxic","MEviolet",-0.0887506458330868
"38","W2_Nu_G15","warm","warm","normoxic","MEviolet",-0.109703907370375
"39","W3_Nu_G21","warm","warm","normoxic","MEviolet",-0.110849190104678
"40","W4_Nu_G27","warm","warm","normoxic","MEviolet",-0.0901344732253812
"41","W6_Nu_G41","warm","warm","normoxic","MEviolet",-0.068651220661343
"42","W6_Nu_G45","warm","warm","normoxic","MEviolet",0.69366270964566
"43","B1_Nu_O03","both","warm","hypoxic","MEdarkturquoise",-0.0795754149687107
"44","B4_Nu_O32","both","warm","hypoxic","MEdarkturquoise",-0.016283712027171
"45","B5_Nu_O36","both","warm","hypoxic","MEdarkturquoise",-0.0749167620226537
"46","B6_Nu_O47","both","warm","hypoxic","MEdarkturquoise",-0.0381241886286486
"47","C1_Nu_W01","control","ambient","normoxic","MEdarkturquoise",-0.0882644016939183
"48","C1_Nu_W05","control","ambient","normoxic","MEdarkturquoise",0.0178887033077497
"49","C2_Nu_W15","control","ambient","normoxic","MEdarkturquoise",-0.0527586838660826
"50","C3_Nu_W21","control","ambient","normoxic","MEdarkturquoise",-0.0355354348223665
"51","C4_Nu_W29","control","ambient","normoxic","MEdarkturquoise",-0.0348519190507461
"52","C6_Nu_W42","control","ambient","normoxic","MEdarkturquoise",-0.06274458185693
"53","H1_Nu_B08","hypoxic","ambient","hypoxic","MEdarkturquoise",-0.0525350540540679
"54","H2_Nu_B14","hypoxic","ambient","hypoxic","MEdarkturquoise",-0.0792629200872053
"55","H3_Nu_B18","hypoxic","ambient","hypoxic","MEdarkturquoise",-0.0757751580206024
"56","H4_Nu_B28","hypoxic","ambient","hypoxic","MEdarkturquoise",-0.0335954407864931
"57","H5_Nu_B35","hypoxic","ambient","hypoxic","MEdarkturquoise",0.010084636314588
"58","W1_Nu_G02","warm","warm","normoxic","MEdarkturquoise",-0.0379489002892416
"59","W2_Nu_G15","warm","warm","normoxic","MEdarkturquoise",-0.0656215311055185
"60","W3_Nu_G21","warm","warm","normoxic","MEdarkturquoise",-0.0625560898734335
"61","W4_Nu_G27","warm","warm","normoxic","MEdarkturquoise",-0.0292016029210848
"62","W6_Nu_G41","warm","warm","normoxic","MEdarkturquoise",-0.0762476857947306
"63","W6_Nu_G45","warm","warm","normoxic","MEdarkturquoise",0.967826142247268
"64","B1_Nu_O03","both","warm","hypoxic","MEsienna3",-0.0531151241534983
"65","B4_Nu_O32","both","warm","hypoxic","MEsienna3",-0.0366873863435622
"66","B5_Nu_O36","both","warm","hypoxic","MEsienna3",-0.0561950322056346
"67","B6_Nu_O47","both","warm","hypoxic","MEsienna3",-0.0134179409240458
"68","C1_Nu_W01","control","ambient","normoxic","MEsienna3",-0.0991895468374279
"69","C1_Nu_W05","control","ambient","normoxic","MEsienna3",-0.0510493279372966
"70","C2_Nu_W15","control","ambient","normoxic","MEsienna3",-0.122853032235778
"71","C3_Nu_W21","control","ambient","normoxic","MEsienna3",-0.0335632662159763
"72","C4_Nu_W29","control","ambient","normoxic","MEsienna3",-0.0460462230519021
"73","C6_Nu_W42","control","ambient","normoxic","MEsienna3",-0.101888325341277
"74","H1_Nu_B08","hypoxic","ambient","hypoxic","MEsienna3",-0.0413774662027579
"75","H2_Nu_B14","hypoxic","ambient","hypoxic","MEsienna3",-0.0967485859835042
"76","H3_Nu_B18","hypoxic","ambient","hypoxic","MEsienna3",-0.112988463361469
"77","H4_Nu_B28","hypoxic","ambient","hypoxic","MEsienna3",-0.00527507415441027
"78","H5_Nu_B35","hypoxic","ambient","hypoxic","MEsienna3",0.64289679130613
"79","W1_Nu_G02","warm","warm","normoxic","MEsienna3",-0.0965887092361696
"80","W2_Nu_G15","warm","warm","normoxic","MEsienna3",-0.142783852154999
"81","W3_Nu_G21","warm","warm","normoxic","MEsienna3",-0.105186756317717
"82","W4_Nu_G27","warm","warm","normoxic","MEsienna3",-0.0576393988016905
"83","W6_Nu_G41","warm","warm","normoxic","MEsienna3",-0.0537872476250826
"84","W6_Nu_G45","warm","warm","normoxic","MEsienna3",0.68348396777807
"85","B1_Nu_O03","both","warm","hypoxic","MEdarkgreen",-0.0605541924175712
"86","B4_Nu_O32","both","warm","hypoxic","MEdarkgreen",-0.0575758441241038
"87","B5_Nu_O36","both","warm","hypoxic","MEdarkgreen",-0.0323675755091431
"88","B6_Nu_O47","both","warm","hypoxic","MEdarkgreen",-0.0585317514521496
"89","C1_Nu_W01","control","ambient","normoxic","MEdarkgreen",-0.0696428005120123
"90","C1_Nu_W05","control","ambient","normoxic","MEdarkgreen",0.962209671425216
"91","C2_Nu_W15","control","ambient","normoxic","MEdarkgreen",-0.0200895157108601
"92","C3_Nu_W21","control","ambient","normoxic","MEdarkgreen",-0.0265581595748273
"93","C4_Nu_W29","control","ambient","normoxic","MEdarkgreen",-0.00853650511740388
"94","C6_Nu_W42","control","ambient","normoxic","MEdarkgreen",-0.00957241697417111
"95","H1_Nu_B08","hypoxic","ambient","hypoxic","MEdarkgreen",-0.063950095711077
"96","H2_Nu_B14","hypoxic","ambient","hypoxic","MEdarkgreen",-0.0534069644842215
"97","H3_Nu_B18","hypoxic","ambient","hypoxic","MEdarkgreen",-0.0862460053411182
"98","H4_Nu_B28","hypoxic","ambient","hypoxic","MEdarkgreen",-0.0528433229576288
"99","H5_Nu_B35","hypoxic","ambient","hypoxic","MEdarkgreen",-0.0537307492872108
"100","W1_Nu_G02","warm","warm","normoxic","MEdarkgreen",-0.0742769960465283
"101","W2_Nu_G15","warm","warm","normoxic","MEdarkgreen",-0.119823097731693
"102","W3_Nu_G21","warm","warm","normoxic","MEdarkgreen",-0.0820363061289918
"103","W4_Nu_G27","warm","warm","normoxic","MEdarkgreen",-0.0770178366010263
"104","W6_Nu_G41","warm","warm","normoxic","MEdarkgreen",0.0609091765919367
"105","W6_Nu_G45","warm","warm","normoxic","MEdarkgreen",-0.0163587123354146
"106","B1_Nu_O03","both","warm","hypoxic","MEdarkgrey",-0.0544647656778767
"107","B4_Nu_O32","both","warm","hypoxic","MEdarkgrey",-0.0270549061446136
"108","B5_Nu_O36","both","warm","hypoxic","MEdarkgrey",-0.0732581986215397
"109","B6_Nu_O47","both","warm","hypoxic","MEdarkgrey",-0.0620187902801172
"110","C1_Nu_W01","control","ambient","normoxic","MEdarkgrey",-0.0698994683235028
"111","C1_Nu_W05","control","ambient","normoxic","MEdarkgrey",0.0465940128069062
"112","C2_Nu_W15","control","ambient","normoxic","MEdarkgrey",-0.0649728418765005
"113","C3_Nu_W21","control","ambient","normoxic","MEdarkgrey",-0.0397462013550781
"114","C4_Nu_W29","control","ambient","normoxic","MEdarkgrey",-0.0198547047938544
"115","C6_Nu_W42","control","ambient","normoxic","MEdarkgrey",-0.0705462682863804
"116","H1_Nu_B08","hypoxic","ambient","hypoxic","MEdarkgrey",-0.0358738725409681
"117","H2_Nu_B14","hypoxic","ambient","hypoxic","MEdarkgrey",-0.0550995309872961
"118","H3_Nu_B18","hypoxic","ambient","hypoxic","MEdarkgrey",-0.0752150330620172
"119","H4_Nu_B28","hypoxic","ambient","hypoxic","MEdarkgrey",-0.00757613124747925
"120","H5_Nu_B35","hypoxic","ambient","hypoxic","MEdarkgrey",-0.0299800415745552
"121","W1_Nu_G02","warm","warm","normoxic","MEdarkgrey",-0.0887620331111983
"122","W2_Nu_G15","warm","warm","normoxic","MEdarkgrey",-0.0773725441786389
"123","W3_Nu_G21","warm","warm","normoxic","MEdarkgrey",-0.0738645989112908
"124","W4_Nu_G27","warm","warm","normoxic","MEdarkgrey",-0.0670004322449014
"125","W6_Nu_G41","warm","warm","normoxic","MEdarkgrey",0.966281545716875
"126","W6_Nu_G45","warm","warm","normoxic","MEdarkgrey",-0.0203151953059721
"127","B1_Nu_O03","both","warm","hypoxic","MEpaleturquoise",0.0910583254125478
"128","B4_Nu_O32","both","warm","hypoxic","MEpaleturquoise",-0.155967787254687
"129","B5_Nu_O36","both","warm","hypoxic","MEpaleturquoise",-0.0775913123527255
"130","B6_Nu_O47","both","warm","hypoxic","MEpaleturquoise",0.102969959895499
"131","C1_Nu_W01","control","ambient","normoxic","MEpaleturquoise",0.170184546895963
"132","C1_Nu_W05","control","ambient","normoxic","MEpaleturquoise",0.162318027088968
"133","C2_Nu_W15","control","ambient","normoxic","MEpaleturquoise",-0.16549334927901
"134","C3_Nu_W21","control","ambient","normoxic","MEpaleturquoise",-0.0208046121180067
"135","C4_Nu_W29","control","ambient","normoxic","MEpaleturquoise",0.257575319606988
"136","C6_Nu_W42","control","ambient","normoxic","MEpaleturquoise",-0.316222388033009
"137","H1_Nu_B08","hypoxic","ambient","hypoxic","MEpaleturquoise",0.163179555629128
"138","H2_Nu_B14","hypoxic","ambient","hypoxic","MEpaleturquoise",-0.269557409178288
"139","H3_Nu_B18","hypoxic","ambient","hypoxic","MEpaleturquoise",-0.327162664050882
"140","H4_Nu_B28","hypoxic","ambient","hypoxic","MEpaleturquoise",0.159578948454939
"141","H5_Nu_B35","hypoxic","ambient","hypoxic","MEpaleturquoise",0.129053355613178
"142","W1_Nu_G02","warm","warm","normoxic","MEpaleturquoise",-0.182386851344879
"143","W2_Nu_G15","warm","warm","normoxic","MEpaleturquoise",-0.306088162010246
"144","W3_Nu_G21","warm","warm","normoxic","MEpaleturquoise",-0.0625868360112953
"145","W4_Nu_G27","warm","warm","normoxic","MEpaleturquoise",-0.093624228664198
"146","W6_Nu_G41","warm","warm","normoxic","MEpaleturquoise",0.509065411150558
"147","W6_Nu_G45","warm","warm","normoxic","MEpaleturquoise",0.232502150549455
"148","B1_Nu_O03","both","warm","hypoxic","MEsalmon",-0.0739360999472374
"149","B4_Nu_O32","both","warm","hypoxic","MEsalmon",-0.0333979462079899
"150","B5_Nu_O36","both","warm","hypoxic","MEsalmon",-0.0691499391871072
"151","B6_Nu_O47","both","warm","hypoxic","MEsalmon",-0.0337411743728656
"152","C1_Nu_W01","control","ambient","normoxic","MEsalmon",-0.0705022417747291
"153","C1_Nu_W05","control","ambient","normoxic","MEsalmon",-0.0439876583578551
"154","C2_Nu_W15","control","ambient","normoxic","MEsalmon",-0.0103024594898127
"155","C3_Nu_W21","control","ambient","normoxic","MEsalmon",0.970650646129894
"156","C4_Nu_W29","control","ambient","normoxic","MEsalmon",-0.0226513091819815
"157","C6_Nu_W42","control","ambient","normoxic","MEsalmon",-0.0492619304286069
"158","H1_Nu_B08","hypoxic","ambient","hypoxic","MEsalmon",-0.00256908130465094
"159","H2_Nu_B14","hypoxic","ambient","hypoxic","MEsalmon",-0.0645567184144281
"160","H3_Nu_B18","hypoxic","ambient","hypoxic","MEsalmon",-0.0702543431820643
"161","H4_Nu_B28","hypoxic","ambient","hypoxic","MEsalmon",-0.0389917327776976
"162","H5_Nu_B35","hypoxic","ambient","hypoxic","MEsalmon",-0.0393161960406548
"163","W1_Nu_G02","warm","warm","normoxic","MEsalmon",-0.0569580779067454
"164","W2_Nu_G15","warm","warm","normoxic","MEsalmon",-0.0655010031991284
"165","W3_Nu_G21","warm","warm","normoxic","MEsalmon",-0.0876990558240942
"166","W4_Nu_G27","warm","warm","normoxic","MEsalmon",-0.0433133339128874
"167","W6_Nu_G41","warm","warm","normoxic","MEsalmon",-0.0758735986111519
"168","W6_Nu_G45","warm","warm","normoxic","MEsalmon",-0.0186867460082065
"169","B1_Nu_O03","both","warm","hypoxic","MEgreenyellow",-0.0190460936613396
"170","B4_Nu_O32","both","warm","hypoxic","MEgreenyellow",-0.105938135607586
"171","B5_Nu_O36","both","warm","hypoxic","MEgreenyellow",-0.00353302912920812
"172","B6_Nu_O47","both","warm","hypoxic","MEgreenyellow",0.0595106250782181
"173","C1_Nu_W01","control","ambient","normoxic","MEgreenyellow",0.0084396366781103
"174","C1_Nu_W05","control","ambient","normoxic","MEgreenyellow",-0.0604649935972877
"175","C2_Nu_W15","control","ambient","normoxic","MEgreenyellow",-0.0282354458786089
"176","C3_Nu_W21","control","ambient","normoxic","MEgreenyellow",-0.0386022828098461
"177","C4_Nu_W29","control","ambient","normoxic","MEgreenyellow",-0.0511408047562853
"178","C6_Nu_W42","control","ambient","normoxic","MEgreenyellow",-0.184330986090091
"179","H1_Nu_B08","hypoxic","ambient","hypoxic","MEgreenyellow",-0.0532868309525505
"180","H2_Nu_B14","hypoxic","ambient","hypoxic","MEgreenyellow",-0.0622321067025064
"181","H3_Nu_B18","hypoxic","ambient","hypoxic","MEgreenyellow",-0.112210569983664
"182","H4_Nu_B28","hypoxic","ambient","hypoxic","MEgreenyellow",-0.0655137659379469
"183","H5_Nu_B35","hypoxic","ambient","hypoxic","MEgreenyellow",0.0150456943649961
"184","W1_Nu_G02","warm","warm","normoxic","MEgreenyellow",0.947785306559306
"185","W2_Nu_G15","warm","warm","normoxic","MEgreenyellow",-0.0314491042702353
"186","W3_Nu_G21","warm","warm","normoxic","MEgreenyellow",-0.0894868267047013
"187","W4_Nu_G27","warm","warm","normoxic","MEgreenyellow",0.0108346576149765
"188","W6_Nu_G41","warm","warm","normoxic","MEgreenyellow",-0.0976651127308509
"189","W6_Nu_G45","warm","warm","normoxic","MEgreenyellow",-0.0384798314828989
"190","B1_Nu_O03","both","warm","hypoxic","MEred",-0.074613099146685
"191","B4_Nu_O32","both","warm","hypoxic","MEred",-0.0515528519766185
"192","B5_Nu_O36","both","warm","hypoxic","MEred",-0.0536984698763155
"193","B6_Nu_O47","both","warm","hypoxic","MEred",0.949725043081302
"194","C1_Nu_W01","control","ambient","normoxic","MEred",-0.0909248249243535
"195","C1_Nu_W05","control","ambient","normoxic","MEred",-0.0982882096334945
"196","C2_Nu_W15","control","ambient","normoxic","MEred",0.0486377004118549
"197","C3_Nu_W21","control","ambient","normoxic","MEred",-0.0583284367683118
"198","C4_Nu_W29","control","ambient","normoxic","MEred",-0.0786115149205518
"199","C6_Nu_W42","control","ambient","normoxic","MEred",-0.0948717760804081
"200","H1_Nu_B08","hypoxic","ambient","hypoxic","MEred",-0.0627042962122299
"201","H2_Nu_B14","hypoxic","ambient","hypoxic","MEred",0.0104370089850263
"202","H3_Nu_B18","hypoxic","ambient","hypoxic","MEred",0.000928627183709314
"203","H4_Nu_B28","hypoxic","ambient","hypoxic","MEred",-0.0340071850725588
"204","H5_Nu_B35","hypoxic","ambient","hypoxic","MEred",-0.0399564884394229
"205","W1_Nu_G02","warm","warm","normoxic","MEred",0.0380963104165292
"206","W2_Nu_G15","warm","warm","normoxic","MEred",-0.113942345112245
"207","W3_Nu_G21","warm","warm","normoxic","MEred",-0.0965684197851176
"208","W4_Nu_G27","warm","warm","normoxic","MEred",0.0588539595438498
"209","W6_Nu_G41","warm","warm","normoxic","MEred",-0.106148466516773
"210","W6_Nu_G45","warm","warm","normoxic","MEred",-0.0524622651571859
"211","B1_Nu_O03","both","warm","hypoxic","MEgreen",-0.0514719814651185
"212","B4_Nu_O32","both","warm","hypoxic","MEgreen",-0.0149689857313742
"213","B5_Nu_O36","both","warm","hypoxic","MEgreen",0.963356744622702
"214","B6_Nu_O47","both","warm","hypoxic","MEgreen",0.00610367358333062
"215","C1_Nu_W01","control","ambient","normoxic","MEgreen",-0.067846580259839
"216","C1_Nu_W05","control","ambient","normoxic","MEgreen",-0.0469417736285001
"217","C2_Nu_W15","control","ambient","normoxic","MEgreen",-0.0364545103312701
"218","C3_Nu_W21","control","ambient","normoxic","MEgreen",-0.0214421641223636
"219","C4_Nu_W29","control","ambient","normoxic","MEgreen",-0.0737510154762323
"220","C6_Nu_W42","control","ambient","normoxic","MEgreen",-0.0357310700482427
"221","H1_Nu_B08","hypoxic","ambient","hypoxic","MEgreen",-0.0506385241844198
"222","H2_Nu_B14","hypoxic","ambient","hypoxic","MEgreen",-0.0710894444076873
"223","H3_Nu_B18","hypoxic","ambient","hypoxic","MEgreen",-0.105887467049376
"224","H4_Nu_B28","hypoxic","ambient","hypoxic","MEgreen",-0.0101581171287339
"225","H5_Nu_B35","hypoxic","ambient","hypoxic","MEgreen",0.0147435630780274
"226","W1_Nu_G02","warm","warm","normoxic","MEgreen",-0.00351252431246219
"227","W2_Nu_G15","warm","warm","normoxic","MEgreen",-0.0797535564900104
"228","W3_Nu_G21","warm","warm","normoxic","MEgreen",-0.112692178256972
"229","W4_Nu_G27","warm","warm","normoxic","MEgreen",-0.0777367593818935
"230","W6_Nu_G41","warm","warm","normoxic","MEgreen",-0.0916593077119912
"231","W6_Nu_G45","warm","warm","normoxic","MEgreen",-0.0324680212975742
"232","B1_Nu_O03","both","warm","hypoxic","MEblack",-0.129640653947798
"233","B4_Nu_O32","both","warm","hypoxic","MEblack",-0.0993243005245132
"234","B5_Nu_O36","both","warm","hypoxic","MEblack",0.382711316484207
"235","B6_Nu_O47","both","warm","hypoxic","MEblack",0.459034955048227
"236","C1_Nu_W01","control","ambient","normoxic","MEblack",-0.0718879798722801
"237","C1_Nu_W05","control","ambient","normoxic","MEblack",-0.0699931672250099
"238","C2_Nu_W15","control","ambient","normoxic","MEblack",0.0411557419989153
"239","C3_Nu_W21","control","ambient","normoxic","MEblack",0.0423983670644203
"240","C4_Nu_W29","control","ambient","normoxic","MEblack",-0.00815131636628949
"241","C6_Nu_W42","control","ambient","normoxic","MEblack",-0.330623260760517
"242","H1_Nu_B08","hypoxic","ambient","hypoxic","MEblack",-0.0331257896721665
"243","H2_Nu_B14","hypoxic","ambient","hypoxic","MEblack",0.03373161018201
"244","H3_Nu_B18","hypoxic","ambient","hypoxic","MEblack",-0.309760170742088
"245","H4_Nu_B28","hypoxic","ambient","hypoxic","MEblack",0.0484518804150413
"246","H5_Nu_B35","hypoxic","ambient","hypoxic","MEblack",0.298330405599346
"247","W1_Nu_G02","warm","warm","normoxic","MEblack",0.302247056633926
"248","W2_Nu_G15","warm","warm","normoxic","MEblack",-0.253409865269017
"249","W3_Nu_G21","warm","warm","normoxic","MEblack",-0.318635331031609
"250","W4_Nu_G27","warm","warm","normoxic","MEblack",0.0368223713376648
"251","W6_Nu_G41","warm","warm","normoxic","MEblack",-0.160189934427155
"252","W6_Nu_G45","warm","warm","normoxic","MEblack",0.139858065074686
"253","B1_Nu_O03","both","warm","hypoxic","MEsteelblue",-0.108665297223355
"254","B4_Nu_O32","both","warm","hypoxic","MEsteelblue",-0.0214913902526731
"255","B5_Nu_O36","both","warm","hypoxic","MEsteelblue",0.634247521498244
"256","B6_Nu_O47","both","warm","hypoxic","MEsteelblue",0.180672410818088
"257","C1_Nu_W01","control","ambient","normoxic","MEsteelblue",-0.164442294572852
"258","C1_Nu_W05","control","ambient","normoxic","MEsteelblue",0.106317728567977
"259","C2_Nu_W15","control","ambient","normoxic","MEsteelblue",0.17892495303264
"260","C3_Nu_W21","control","ambient","normoxic","MEsteelblue",0.017899005821438
"261","C4_Nu_W29","control","ambient","normoxic","MEsteelblue",-0.117664138313452
"262","C6_Nu_W42","control","ambient","normoxic","MEsteelblue",-0.0489635283247484
"263","H1_Nu_B08","hypoxic","ambient","hypoxic","MEsteelblue",-0.0770446807701961
"264","H2_Nu_B14","hypoxic","ambient","hypoxic","MEsteelblue",0.31832275206501
"265","H3_Nu_B18","hypoxic","ambient","hypoxic","MEsteelblue",-0.264830681475313
"266","H4_Nu_B28","hypoxic","ambient","hypoxic","MEsteelblue",-0.0165375118956471
"267","H5_Nu_B35","hypoxic","ambient","hypoxic","MEsteelblue",0.205353347726382
"268","W1_Nu_G02","warm","warm","normoxic","MEsteelblue",0.0209056875434279
"269","W2_Nu_G15","warm","warm","normoxic","MEsteelblue",-0.306920763614236
"270","W3_Nu_G21","warm","warm","normoxic","MEsteelblue",-0.346787886385372
"271","W4_Nu_G27","warm","warm","normoxic","MEsteelblue",-0.080422071161334
"272","W6_Nu_G41","warm","warm","normoxic","MEsteelblue",-0.151282722517646
"273","W6_Nu_G45","warm","warm","normoxic","MEsteelblue",0.0424095594336178
"274","B1_Nu_O03","both","warm","hypoxic","MEsaddlebrown",-0.0654983960946536
"275","B4_Nu_O32","both","warm","hypoxic","MEsaddlebrown",-0.0517744464020792
"276","B5_Nu_O36","both","warm","hypoxic","MEsaddlebrown",-0.0656914248320943
"277","B6_Nu_O47","both","warm","hypoxic","MEsaddlebrown",-0.0607870944838502
"278","C1_Nu_W01","control","ambient","normoxic","MEsaddlebrown",-0.0480189478074126
"279","C1_Nu_W05","control","ambient","normoxic","MEsaddlebrown",-0.0332111647873449
"280","C2_Nu_W15","control","ambient","normoxic","MEsaddlebrown",-0.0563921282765634
"281","C3_Nu_W21","control","ambient","normoxic","MEsaddlebrown",-0.0305206736769218
"282","C4_Nu_W29","control","ambient","normoxic","MEsaddlebrown",0.967864558651976
"283","C6_Nu_W42","control","ambient","normoxic","MEsaddlebrown",-0.0533106102061045
"284","H1_Nu_B08","hypoxic","ambient","hypoxic","MEsaddlebrown",-0.0190958529733042
"285","H2_Nu_B14","hypoxic","ambient","hypoxic","MEsaddlebrown",0.0235171963541288
"286","H3_Nu_B18","hypoxic","ambient","hypoxic","MEsaddlebrown",-0.0751715893065785
"287","H4_Nu_B28","hypoxic","ambient","hypoxic","MEsaddlebrown",-0.0387627802020298
"288","H5_Nu_B35","hypoxic","ambient","hypoxic","MEsaddlebrown",-0.0641740874332872
"289","W1_Nu_G02","warm","warm","normoxic","MEsaddlebrown",-0.0588037543598099
"290","W2_Nu_G15","warm","warm","normoxic","MEsaddlebrown",-0.0783811658099253
"291","W3_Nu_G21","warm","warm","normoxic","MEsaddlebrown",-0.0774132721725616
"292","W4_Nu_G27","warm","warm","normoxic","MEsaddlebrown",-0.0609308677186419
"293","W6_Nu_G41","warm","warm","normoxic","MEsaddlebrown",-0.0765735332931194
"294","W6_Nu_G45","warm","warm","normoxic","MEsaddlebrown",0.0231300348301786
"295","B1_Nu_O03","both","warm","hypoxic","MEblue",-0.130518119559523
"296","B4_Nu_O32","both","warm","hypoxic","MEblue",0.0377087627122265
"297","B5_Nu_O36","both","warm","hypoxic","MEblue",0.319029168072893
"298","B6_Nu_O47","both","warm","hypoxic","MEblue",-0.0444824214075687
"299","C1_Nu_W01","control","ambient","normoxic","MEblue",-0.218488829982067
"300","C1_Nu_W05","control","ambient","normoxic","MEblue",0.0554512383944285
"301","C2_Nu_W15","control","ambient","normoxic","MEblue",0.191344898734292
"302","C3_Nu_W21","control","ambient","normoxic","MEblue",-0.0166606512088785
"303","C4_Nu_W29","control","ambient","normoxic","MEblue",-0.21721549895723
"304","C6_Nu_W42","control","ambient","normoxic","MEblue",0.434339653066476
"305","H1_Nu_B08","hypoxic","ambient","hypoxic","MEblue",-0.153396864539504
"306","H2_Nu_B14","hypoxic","ambient","hypoxic","MEblue",0.636638836684942
"307","H3_Nu_B18","hypoxic","ambient","hypoxic","MEblue",0.0177914563978909
"308","H4_Nu_B28","hypoxic","ambient","hypoxic","MEblue",-0.123592192091626
"309","H5_Nu_B35","hypoxic","ambient","hypoxic","MEblue",-0.0536770205495813
"310","W1_Nu_G02","warm","warm","normoxic","MEblue",-0.0628935069899991
"311","W2_Nu_G15","warm","warm","normoxic","MEblue",-0.0777346734234105
"312","W3_Nu_G21","warm","warm","normoxic","MEblue",-0.170077617262383
"313","W4_Nu_G27","warm","warm","normoxic","MEblue",-0.0823310611624595
"314","W6_Nu_G41","warm","warm","normoxic","MEblue",-0.209426866653418
"315","W6_Nu_G45","warm","warm","normoxic","MEblue",-0.1318086902755
"316","B1_Nu_O03","both","warm","hypoxic","MEorangered4",-0.0445737657121305
"317","B4_Nu_O32","both","warm","hypoxic","MEorangered4",-0.0526017749005312
"318","B5_Nu_O36","both","warm","hypoxic","MEorangered4",-0.101719191908591
"319","B6_Nu_O47","both","warm","hypoxic","MEorangered4",-0.0403607650393785
"320","C1_Nu_W01","control","ambient","normoxic","MEorangered4",-0.0643889505587054
"321","C1_Nu_W05","control","ambient","normoxic","MEorangered4",-0.0946393832070921
"322","C2_Nu_W15","control","ambient","normoxic","MEorangered4",-0.0542728290905976
"323","C3_Nu_W21","control","ambient","normoxic","MEorangered4",-0.0569884928877963
"324","C4_Nu_W29","control","ambient","normoxic","MEorangered4",0.58378627579646
"325","C6_Nu_W42","control","ambient","normoxic","MEorangered4",-0.14068375346607
"326","H1_Nu_B08","hypoxic","ambient","hypoxic","MEorangered4",-0.0490857305374554
"327","H2_Nu_B14","hypoxic","ambient","hypoxic","MEorangered4",0.742625163662669
"328","H3_Nu_B18","hypoxic","ambient","hypoxic","MEorangered4",-0.0877348602740282
"329","H4_Nu_B28","hypoxic","ambient","hypoxic","MEorangered4",-0.0364729623347105
"330","H5_Nu_B35","hypoxic","ambient","hypoxic","MEorangered4",-0.0391212780319698
"331","W1_Nu_G02","warm","warm","normoxic","MEorangered4",-0.0887965212487504
"332","W2_Nu_G15","warm","warm","normoxic","MEorangered4",-0.106985966643082
"333","W3_Nu_G21","warm","warm","normoxic","MEorangered4",-0.0929269126141014
"334","W4_Nu_G27","warm","warm","normoxic","MEorangered4",-0.0719013812372787
"335","W6_Nu_G41","warm","warm","normoxic","MEorangered4",-0.0667429115828349
"336","W6_Nu_G45","warm","warm","normoxic","MEorangered4",-0.0364140081840254
"337","B1_Nu_O03","both","warm","hypoxic","MEpurple",-0.110596793867502
"338","B4_Nu_O32","both","warm","hypoxic","MEpurple",-0.0331180105836467
"339","B5_Nu_O36","both","warm","hypoxic","MEpurple",-0.00798966306160465
"340","B6_Nu_O47","both","warm","hypoxic","MEpurple",0.0196277286673285
"341","C1_Nu_W01","control","ambient","normoxic","MEpurple",-0.109621173520417
"342","C1_Nu_W05","control","ambient","normoxic","MEpurple",-0.0443949001385528
"343","C2_Nu_W15","control","ambient","normoxic","MEpurple",0.0509675623901901
"344","C3_Nu_W21","control","ambient","normoxic","MEpurple",-0.0318404097158982
"345","C4_Nu_W29","control","ambient","normoxic","MEpurple",-0.0807937417726553
"346","C6_Nu_W42","control","ambient","normoxic","MEpurple",-0.0852507124018198
"347","H1_Nu_B08","hypoxic","ambient","hypoxic","MEpurple",-0.0961480034629157
"348","H2_Nu_B14","hypoxic","ambient","hypoxic","MEpurple",0.946565939873619
"349","H3_Nu_B18","hypoxic","ambient","hypoxic","MEpurple",-0.0207880668372043
"350","H4_Nu_B28","hypoxic","ambient","hypoxic","MEpurple",-0.0832945718608091
"351","H5_Nu_B35","hypoxic","ambient","hypoxic","MEpurple",-0.0316978381015111
"352","W1_Nu_G02","warm","warm","normoxic","MEpurple",0.0723345106968039
"353","W2_Nu_G15","warm","warm","normoxic","MEpurple",-0.0822266787204239
"354","W3_Nu_G21","warm","warm","normoxic","MEpurple",-0.103375121572434
"355","W4_Nu_G27","warm","warm","normoxic","MEpurple",0.0201902496635934
"356","W6_Nu_G41","warm","warm","normoxic","MEpurple",-0.107660967491515
"357","W6_Nu_G45","warm","warm","normoxic","MEpurple",-0.0808893381826251
"358","B1_Nu_O03","both","warm","hypoxic","MEdarkred",0.971423152258594
"359","B4_Nu_O32","both","warm","hypoxic","MEdarkred",-0.0518589809308406
"360","B5_Nu_O36","both","warm","hypoxic","MEdarkred",-0.0324516817220904
"361","B6_Nu_O47","both","warm","hypoxic","MEdarkred",-0.0518590324649027
"362","C1_Nu_W01","control","ambient","normoxic","MEdarkred",-0.0300057346800905
"363","C1_Nu_W05","control","ambient","normoxic","MEdarkred",-0.0537858127121178
"364","C2_Nu_W15","control","ambient","normoxic","MEdarkred",-0.0898362916976307
"365","C3_Nu_W21","control","ambient","normoxic","MEdarkred",-0.0395576855650694
"366","C4_Nu_W29","control","ambient","normoxic","MEdarkred",-0.0409764720942379
"367","C6_Nu_W42","control","ambient","normoxic","MEdarkred",0.0015206467413678
"368","H1_Nu_B08","hypoxic","ambient","hypoxic","MEdarkred",-0.0392497967579746
"369","H2_Nu_B14","hypoxic","ambient","hypoxic","MEdarkred",-0.081136405101362
"370","H3_Nu_B18","hypoxic","ambient","hypoxic","MEdarkred",-0.0809003830206403
"371","H4_Nu_B28","hypoxic","ambient","hypoxic","MEdarkred",-0.040074670672742
"372","H5_Nu_B35","hypoxic","ambient","hypoxic","MEdarkred",-0.0397650375744373
"373","W1_Nu_G02","warm","warm","normoxic","MEdarkred",-0.0229335801590144
"374","W2_Nu_G15","warm","warm","normoxic","MEdarkred",-0.05601902159253
"375","W3_Nu_G21","warm","warm","normoxic","MEdarkred",-0.0358808141864636
"376","W4_Nu_G27","warm","warm","normoxic","MEdarkred",-0.0761998453719862
"377","W6_Nu_G41","warm","warm","normoxic","MEdarkred",-0.0488372726255412
"378","W6_Nu_G45","warm","warm","normoxic","MEdarkred",-0.0616152800702898
"379","B1_Nu_O03","both","warm","hypoxic","MEmediumpurple3",0.182914064096433
"380","B4_Nu_O32","both","warm","hypoxic","MEmediumpurple3",-0.146889973551979
"381","B5_Nu_O36","both","warm","hypoxic","MEmediumpurple3",-0.224643196262413
"382","B6_Nu_O47","both","warm","hypoxic","MEmediumpurple3",-0.156046829940373
"383","C1_Nu_W01","control","ambient","normoxic","MEmediumpurple3",0.260951181634542
"384","C1_Nu_W05","control","ambient","normoxic","MEmediumpurple3",-0.0831191666254563
"385","C2_Nu_W15","control","ambient","normoxic","MEmediumpurple3",-0.199172546357606
"386","C3_Nu_W21","control","ambient","normoxic","MEmediumpurple3",-0.0894738488599786
"387","C4_Nu_W29","control","ambient","normoxic","MEmediumpurple3",0.0952346574000098
"388","C6_Nu_W42","control","ambient","normoxic","MEmediumpurple3",-0.123819332357082
"389","H1_Nu_B08","hypoxic","ambient","hypoxic","MEmediumpurple3",-0.0338433456388484
"390","H2_Nu_B14","hypoxic","ambient","hypoxic","MEmediumpurple3",-0.206133615114068
"391","H3_Nu_B18","hypoxic","ambient","hypoxic","MEmediumpurple3",0.017617965215995
"392","H4_Nu_B28","hypoxic","ambient","hypoxic","MEmediumpurple3",-0.0826586794182575
"393","H5_Nu_B35","hypoxic","ambient","hypoxic","MEmediumpurple3",-0.17550123364163
"394","W1_Nu_G02","warm","warm","normoxic","MEmediumpurple3",-0.157543609997189
"395","W2_Nu_G15","warm","warm","normoxic","MEmediumpurple3",0.239332154156884
"396","W3_Nu_G21","warm","warm","normoxic","MEmediumpurple3",0.585319886919863
"397","W4_Nu_G27","warm","warm","normoxic","MEmediumpurple3",-0.0500159355700424
"398","W6_Nu_G41","warm","warm","normoxic","MEmediumpurple3",0.451157132874422
"399","W6_Nu_G45","warm","warm","normoxic","MEmediumpurple3",-0.103665728963226
"400","B1_Nu_O03","both","warm","hypoxic","MEskyblue",-0.0191008011896853
"401","B4_Nu_O32","both","warm","hypoxic","MEskyblue",-0.0267691507857175
"402","B5_Nu_O36","both","warm","hypoxic","MEskyblue",-0.0685433143746894
"403","B6_Nu_O47","both","warm","hypoxic","MEskyblue",-0.0591870432686863
"404","C1_Nu_W01","control","ambient","normoxic","MEskyblue",-0.0500277876168076
"405","C1_Nu_W05","control","ambient","normoxic","MEskyblue",-0.0757823425674308
"406","C2_Nu_W15","control","ambient","normoxic","MEskyblue",-0.0864033240297073
"407","C3_Nu_W21","control","ambient","normoxic","MEskyblue",-0.0508187884588907
"408","C4_Nu_W29","control","ambient","normoxic","MEskyblue",-0.0488580819054391
"409","C6_Nu_W42","control","ambient","normoxic","MEskyblue",-0.0473157874129512
"410","H1_Nu_B08","hypoxic","ambient","hypoxic","MEskyblue",-0.0334632031392232
"411","H2_Nu_B14","hypoxic","ambient","hypoxic","MEskyblue",-0.090350445064462
"412","H3_Nu_B18","hypoxic","ambient","hypoxic","MEskyblue",-0.0406861595456271
"413","H4_Nu_B28","hypoxic","ambient","hypoxic","MEskyblue",-0.023161120894639
"414","H5_Nu_B35","hypoxic","ambient","hypoxic","MEskyblue",-0.022342089069916
"415","W1_Nu_G02","warm","warm","normoxic","MEskyblue",-0.0798502219898427
"416","W2_Nu_G15","warm","warm","normoxic","MEskyblue",-0.0492673594173524
"417","W3_Nu_G21","warm","warm","normoxic","MEskyblue",0.970267164006147
"418","W4_Nu_G27","warm","warm","normoxic","MEskyblue",0.00692740659736559
"419","W6_Nu_G41","warm","warm","normoxic","MEskyblue",-0.0500568825040482
"420","W6_Nu_G45","warm","warm","normoxic","MEskyblue",-0.0552106673683964
"421","B1_Nu_O03","both","warm","hypoxic","MEwhite",-0.0938000089998289
"422","B4_Nu_O32","both","warm","hypoxic","MEwhite",-0.0474008070660908
"423","B5_Nu_O36","both","warm","hypoxic","MEwhite",-0.0371114218429756
"424","B6_Nu_O47","both","warm","hypoxic","MEwhite",-0.0440340277243701
"425","C1_Nu_W01","control","ambient","normoxic","MEwhite",-0.0705167001177496
"426","C1_Nu_W05","control","ambient","normoxic","MEwhite",-0.048076504619804
"427","C2_Nu_W15","control","ambient","normoxic","MEwhite",0.970298339841667
"428","C3_Nu_W21","control","ambient","normoxic","MEwhite",-0.0523900065506569
"429","C4_Nu_W29","control","ambient","normoxic","MEwhite",-0.0472241266155358
"430","C6_Nu_W42","control","ambient","normoxic","MEwhite",-0.0596290185785205
"431","H1_Nu_B08","hypoxic","ambient","hypoxic","MEwhite",-0.0589572535625449
"432","H2_Nu_B14","hypoxic","ambient","hypoxic","MEwhite",-0.0205344423871654
"433","H3_Nu_B18","hypoxic","ambient","hypoxic","MEwhite",-0.000902130931920822
"434","H4_Nu_B28","hypoxic","ambient","hypoxic","MEwhite",-0.0427651206849985
"435","H5_Nu_B35","hypoxic","ambient","hypoxic","MEwhite",-0.036863962392156
"436","W1_Nu_G02","warm","warm","normoxic","MEwhite",-0.0159781991979279
"437","W2_Nu_G15","warm","warm","normoxic","MEwhite",-0.0126850852171838
"438","W3_Nu_G21","warm","warm","normoxic","MEwhite",-0.0962984857116223
"439","W4_Nu_G27","warm","warm","normoxic","MEwhite",-0.0551910537781239
"440","W6_Nu_G41","warm","warm","normoxic","MEwhite",-0.071337382039895
"441","W6_Nu_G45","warm","warm","normoxic","MEwhite",-0.0586026018225967
"442","B1_Nu_O03","both","warm","hypoxic","MEdarkolivegreen",-0.0662220679704197
"443","B4_Nu_O32","both","warm","hypoxic","MEdarkolivegreen",-0.0427163375082465
"444","B5_Nu_O36","both","warm","hypoxic","MEdarkolivegreen",-0.0719862478145324
"445","B6_Nu_O47","both","warm","hypoxic","MEdarkolivegreen",-0.0789227719439327
"446","C1_Nu_W01","control","ambient","normoxic","MEdarkolivegreen",-0.0777219372586014
"447","C1_Nu_W05","control","ambient","normoxic","MEdarkolivegreen",-0.0659467391636523
"448","C2_Nu_W15","control","ambient","normoxic","MEdarkolivegreen",-0.0165297935014617
"449","C3_Nu_W21","control","ambient","normoxic","MEdarkolivegreen",-0.03038104234881
"450","C4_Nu_W29","control","ambient","normoxic","MEdarkolivegreen",-0.0957287209472193
"451","C6_Nu_W42","control","ambient","normoxic","MEdarkolivegreen",-0.0455028431325
"452","H1_Nu_B08","hypoxic","ambient","hypoxic","MEdarkolivegreen",-0.0704066941488016
"453","H2_Nu_B14","hypoxic","ambient","hypoxic","MEdarkolivegreen",-0.0416233194769509
"454","H3_Nu_B18","hypoxic","ambient","hypoxic","MEdarkolivegreen",0.186209419420523
"455","H4_Nu_B28","hypoxic","ambient","hypoxic","MEdarkolivegreen",-0.0747179988957953
"456","H5_Nu_B35","hypoxic","ambient","hypoxic","MEdarkolivegreen",-0.0754918089762572
"457","W1_Nu_G02","warm","warm","normoxic","MEdarkolivegreen",-0.00388403496451229
"458","W2_Nu_G15","warm","warm","normoxic","MEdarkolivegreen",0.942006875153985
"459","W3_Nu_G21","warm","warm","normoxic","MEdarkolivegreen",-0.0645058558194099
"460","W4_Nu_G27","warm","warm","normoxic","MEdarkolivegreen",-0.0429510496758977
"461","W6_Nu_G41","warm","warm","normoxic","MEdarkolivegreen",-0.0923232090584095
"462","W6_Nu_G45","warm","warm","normoxic","MEdarkolivegreen",-0.070653821969098
"463","B1_Nu_O03","both","warm","hypoxic","MEdarkorange",-0.150144791399303
"464","B4_Nu_O32","both","warm","hypoxic","MEdarkorange",-0.111468282148058
"465","B5_Nu_O36","both","warm","hypoxic","MEdarkorange",-0.15052814621503
"466","B6_Nu_O47","both","warm","hypoxic","MEdarkorange",-0.148268961099536
"467","C1_Nu_W01","control","ambient","normoxic","MEdarkorange",-0.150883420119436
"468","C1_Nu_W05","control","ambient","normoxic","MEdarkorange",0.234352054719607
"469","C2_Nu_W15","control","ambient","normoxic","MEdarkorange",0.283923299366521
"470","C3_Nu_W21","control","ambient","normoxic","MEdarkorange",0.0515299771276949
"471","C4_Nu_W29","control","ambient","normoxic","MEdarkorange",-0.131685811660943
"472","C6_Nu_W42","control","ambient","normoxic","MEdarkorange",0.516103371111153
"473","H1_Nu_B08","hypoxic","ambient","hypoxic","MEdarkorange",-0.100543936418976
"474","H2_Nu_B14","hypoxic","ambient","hypoxic","MEdarkorange",-0.120360159748285
"475","H3_Nu_B18","hypoxic","ambient","hypoxic","MEdarkorange",0.538773440420982
"476","H4_Nu_B28","hypoxic","ambient","hypoxic","MEdarkorange",-0.136586595492894
"477","H5_Nu_B35","hypoxic","ambient","hypoxic","MEdarkorange",0.111390734367413
"478","W1_Nu_G02","warm","warm","normoxic","MEdarkorange",-0.14547112510696
"479","W2_Nu_G15","warm","warm","normoxic","MEdarkorange",0.169222835830259
"480","W3_Nu_G21","warm","warm","normoxic","MEdarkorange",-0.152733771241462
"481","W4_Nu_G27","warm","warm","normoxic","MEdarkorange",-0.116995663327348
"482","W6_Nu_G41","warm","warm","normoxic","MEdarkorange",-0.167607664511052
"483","W6_Nu_G45","warm","warm","normoxic","MEdarkorange",-0.122017384454346
"484","B1_Nu_O03","both","warm","hypoxic","MEgrey60",-0.105793850207526
"485","B4_Nu_O32","both","warm","hypoxic","MEgrey60",-0.0371608628387339
"486","B5_Nu_O36","both","warm","hypoxic","MEgrey60",-0.108459365637124
"487","B6_Nu_O47","both","warm","hypoxic","MEgrey60",-0.060703505089181
"488","C1_Nu_W01","control","ambient","normoxic","MEgrey60",-0.0683853757965592
"489","C1_Nu_W05","control","ambient","normoxic","MEgrey60",-0.0320616080410186
"490","C2_Nu_W15","control","ambient","normoxic","MEgrey60",0.0750503474539596
"491","C3_Nu_W21","control","ambient","normoxic","MEgrey60",0.00920384166753591
"492","C4_Nu_W29","control","ambient","normoxic","MEgrey60",-0.077537532768194
"493","C6_Nu_W42","control","ambient","normoxic","MEgrey60",-0.0153427491763538
"494","H1_Nu_B08","hypoxic","ambient","hypoxic","MEgrey60",-0.0346621199063621
"495","H2_Nu_B14","hypoxic","ambient","hypoxic","MEgrey60",-0.0391645275941537
"496","H3_Nu_B18","hypoxic","ambient","hypoxic","MEgrey60",0.954043621172483
"497","H4_Nu_B28","hypoxic","ambient","hypoxic","MEgrey60",-0.0647158850375682
"498","H5_Nu_B35","hypoxic","ambient","hypoxic","MEgrey60",-0.0845918016349424
"499","W1_Nu_G02","warm","warm","normoxic","MEgrey60",-0.0296148205110722
"500","W2_Nu_G15","warm","warm","normoxic","MEgrey60",0.0301147776783475
"501","W3_Nu_G21","warm","warm","normoxic","MEgrey60",-0.0912097372517548
"502","W4_Nu_G27","warm","warm","normoxic","MEgrey60",-0.0343096408131623
"503","W6_Nu_G41","warm","warm","normoxic","MEgrey60",-0.121448275340408
"504","W6_Nu_G45","warm","warm","normoxic","MEgrey60",-0.0632509303282116
"505","B1_Nu_O03","both","warm","hypoxic","MEdarkmagenta",-0.0266110609199769
"506","B4_Nu_O32","both","warm","hypoxic","MEdarkmagenta",0.22494892864994
"507","B5_Nu_O36","both","warm","hypoxic","MEdarkmagenta",-0.196185267100716
"508","B6_Nu_O47","both","warm","hypoxic","MEdarkmagenta",-0.155687957267517
"509","C1_Nu_W01","control","ambient","normoxic","MEdarkmagenta",-0.137095722722794
"510","C1_Nu_W05","control","ambient","normoxic","MEdarkmagenta",0.0487340075731144
"511","C2_Nu_W15","control","ambient","normoxic","MEdarkmagenta",-0.00757563838514353
"512","C3_Nu_W21","control","ambient","normoxic","MEdarkmagenta",-0.0672601394858401
"513","C4_Nu_W29","control","ambient","normoxic","MEdarkmagenta",-0.103681535830352
"514","C6_Nu_W42","control","ambient","normoxic","MEdarkmagenta",0.524423839633471
"515","H1_Nu_B08","hypoxic","ambient","hypoxic","MEdarkmagenta",-0.0141364270608535
"516","H2_Nu_B14","hypoxic","ambient","hypoxic","MEdarkmagenta",-0.133127275022986
"517","H3_Nu_B18","hypoxic","ambient","hypoxic","MEdarkmagenta",0.403927346905382
"518","H4_Nu_B28","hypoxic","ambient","hypoxic","MEdarkmagenta",-0.0122937877022832
"519","H5_Nu_B35","hypoxic","ambient","hypoxic","MEdarkmagenta",-0.281863446430839
"520","W1_Nu_G02","warm","warm","normoxic","MEdarkmagenta",-0.35998513669857
"521","W2_Nu_G15","warm","warm","normoxic","MEdarkmagenta",0.111131551846543
"522","W3_Nu_G21","warm","warm","normoxic","MEdarkmagenta",0.383492261712977
"523","W4_Nu_G27","warm","warm","normoxic","MEdarkmagenta",-0.12825815189079
"524","W6_Nu_G41","warm","warm","normoxic","MEdarkmagenta",0.0167005036842771
"525","W6_Nu_G45","warm","warm","normoxic","MEdarkmagenta",-0.0895968934870429
"526","B1_Nu_O03","both","warm","hypoxic","MEturquoise",-0.00200831685145379
"527","B4_Nu_O32","both","warm","hypoxic","MEturquoise",0.0143444748311077
"528","B5_Nu_O36","both","warm","hypoxic","MEturquoise",-0.0288282013610492
"529","B6_Nu_O47","both","warm","hypoxic","MEturquoise",-0.0890391137690683
"530","C1_Nu_W01","control","ambient","normoxic","MEturquoise",-0.113437656960856
"531","C1_Nu_W05","control","ambient","normoxic","MEturquoise",-0.0359737050964814
"532","C2_Nu_W15","control","ambient","normoxic","MEturquoise",-0.0127206422873454
"533","C3_Nu_W21","control","ambient","normoxic","MEturquoise",-0.0106133807615639
"534","C4_Nu_W29","control","ambient","normoxic","MEturquoise",-0.0784661412566763
"535","C6_Nu_W42","control","ambient","normoxic","MEturquoise",0.961223320675684
"536","H1_Nu_B08","hypoxic","ambient","hypoxic","MEturquoise",-0.0262785303761553
"537","H2_Nu_B14","hypoxic","ambient","hypoxic","MEturquoise",-0.0350224640123202
"538","H3_Nu_B18","hypoxic","ambient","hypoxic","MEturquoise",0.00586366327810515
"539","H4_Nu_B28","hypoxic","ambient","hypoxic","MEturquoise",-0.0347058760162682
"540","H5_Nu_B35","hypoxic","ambient","hypoxic","MEturquoise",-0.0329520855523314
"541","W1_Nu_G02","warm","warm","normoxic","MEturquoise",-0.111864250430359
"542","W2_Nu_G15","warm","warm","normoxic","MEturquoise",-0.0369328090059437
"543","W3_Nu_G21","warm","warm","normoxic","MEturquoise",-0.081124440561188
"544","W4_Nu_G27","warm","warm","normoxic","MEturquoise",-0.0789933160712758
"545","W6_Nu_G41","warm","warm","normoxic","MEturquoise",-0.10458792524912
"546","W6_Nu_G45","warm","warm","normoxic","MEturquoise",-0.0678826031654409
"547","B1_Nu_O03","both","warm","hypoxic","MEroyalblue",-0.0550663933049642
"548","B4_Nu_O32","both","warm","hypoxic","MEroyalblue",0.970438401640155
"549","B5_Nu_O36","both","warm","hypoxic","MEroyalblue",-0.0821032269439099
"550","B6_Nu_O47","both","warm","hypoxic","MEroyalblue",-0.0579385452810048
"551","C1_Nu_W01","control","ambient","normoxic","MEroyalblue",-0.0540662348739399
"552","C1_Nu_W05","control","ambient","normoxic","MEroyalblue",-0.0568759771906545
"553","C2_Nu_W15","control","ambient","normoxic","MEroyalblue",-0.0441529521473257
"554","C3_Nu_W21","control","ambient","normoxic","MEroyalblue",-0.0543746644997429
"555","C4_Nu_W29","control","ambient","normoxic","MEroyalblue",-0.0584465099382078
"556","C6_Nu_W42","control","ambient","normoxic","MEroyalblue",-0.0534789463768376
"557","H1_Nu_B08","hypoxic","ambient","hypoxic","MEroyalblue",-0.000635280364144873
"558","H2_Nu_B14","hypoxic","ambient","hypoxic","MEroyalblue",-0.0720766121255584
"559","H3_Nu_B18","hypoxic","ambient","hypoxic","MEroyalblue",-0.0427624187209721
"560","H4_Nu_B28","hypoxic","ambient","hypoxic","MEroyalblue",0.0186150219641368
"561","H5_Nu_B35","hypoxic","ambient","hypoxic","MEroyalblue",-0.0616570914081108
"562","W1_Nu_G02","warm","warm","normoxic","MEroyalblue",-0.0419754750136824
"563","W2_Nu_G15","warm","warm","normoxic","MEroyalblue",-0.0670511382938283
"564","W3_Nu_G21","warm","warm","normoxic","MEroyalblue",-0.0641462880700188
"565","W4_Nu_G27","warm","warm","normoxic","MEroyalblue",-0.0167903650088425
"566","W6_Nu_G41","warm","warm","normoxic","MEroyalblue",-0.066728028615154
"567","W6_Nu_G45","warm","warm","normoxic","MEroyalblue",-0.0387272754273921
"568","B1_Nu_O03","both","warm","hypoxic","MElightgreen",-0.0719012833638157
"569","B4_Nu_O32","both","warm","hypoxic","MElightgreen",0.653258648460765
"570","B5_Nu_O36","both","warm","hypoxic","MElightgreen",-0.0737799766882996
"571","B6_Nu_O47","both","warm","hypoxic","MElightgreen",-0.0425111700100377
"572","C1_Nu_W01","control","ambient","normoxic","MElightgreen",-0.0874612922366464
"573","C1_Nu_W05","control","ambient","normoxic","MElightgreen",-0.0803755039821051
"574","C2_Nu_W15","control","ambient","normoxic","MElightgreen",-0.0653413544184048
"575","C3_Nu_W21","control","ambient","normoxic","MElightgreen",-0.0277630152537059
"576","C4_Nu_W29","control","ambient","normoxic","MElightgreen",-0.059925325764474
"577","C6_Nu_W42","control","ambient","normoxic","MElightgreen",-0.0774686703059979
"578","H1_Nu_B08","hypoxic","ambient","hypoxic","MElightgreen",-0.0505885907071919
"579","H2_Nu_B14","hypoxic","ambient","hypoxic","MElightgreen",-0.0868591416397478
"580","H3_Nu_B18","hypoxic","ambient","hypoxic","MElightgreen",-0.104534952919946
"581","H4_Nu_B28","hypoxic","ambient","hypoxic","MElightgreen",0.684291726033126
"582","H5_Nu_B35","hypoxic","ambient","hypoxic","MElightgreen",-0.0144661141162143
"583","W1_Nu_G02","warm","warm","normoxic","MElightgreen",-0.0869369038783025
"584","W2_Nu_G15","warm","warm","normoxic","MElightgreen",-0.0920761074686395
"585","W3_Nu_G21","warm","warm","normoxic","MElightgreen",-0.103053384976931
"586","W4_Nu_G27","warm","warm","normoxic","MElightgreen",-0.0859231712685288
"587","W6_Nu_G41","warm","warm","normoxic","MElightgreen",-0.0797831457296805
"588","W6_Nu_G45","warm","warm","normoxic","MElightgreen",-0.0468012697652218
"589","B1_Nu_O03","both","warm","hypoxic","MEorange",-0.0597749852849168
"590","B4_Nu_O32","both","warm","hypoxic","MEorange",-0.00997010552800923
"591","B5_Nu_O36","both","warm","hypoxic","MEorange",-0.0591785547383464
"592","B6_Nu_O47","both","warm","hypoxic","MEorange",-0.0292235529389349
"593","C1_Nu_W01","control","ambient","normoxic","MEorange",-0.0670758006568436
"594","C1_Nu_W05","control","ambient","normoxic","MEorange",-0.0662268420724969
"595","C2_Nu_W15","control","ambient","normoxic","MEorange",-0.0526199225552264
"596","C3_Nu_W21","control","ambient","normoxic","MEorange",-0.0395462814753851
"597","C4_Nu_W29","control","ambient","normoxic","MEorange",-0.0266106920332751
"598","C6_Nu_W42","control","ambient","normoxic","MEorange",-0.0351715243864485
"599","H1_Nu_B08","hypoxic","ambient","hypoxic","MEorange",-0.0342621350352873
"600","H2_Nu_B14","hypoxic","ambient","hypoxic","MEorange",-0.0812850952033831
"601","H3_Nu_B18","hypoxic","ambient","hypoxic","MEorange",-0.0607077226130979
"602","H4_Nu_B28","hypoxic","ambient","hypoxic","MEorange",0.971788882830231
"603","H5_Nu_B35","hypoxic","ambient","hypoxic","MEorange",-0.00984289209350251
"604","W1_Nu_G02","warm","warm","normoxic","MEorange",-0.0604535906973741
"605","W2_Nu_G15","warm","warm","normoxic","MEorange",-0.06605296285791
"606","W3_Nu_G21","warm","warm","normoxic","MEorange",-0.0694465299522201
"607","W4_Nu_G27","warm","warm","normoxic","MEorange",-0.0617813271206421
"608","W6_Nu_G41","warm","warm","normoxic","MEorange",-0.0613529792983209
"609","W6_Nu_G45","warm","warm","normoxic","MEorange",-0.0212053862886101
"610","B1_Nu_O03","both","warm","hypoxic","MEmidnightblue",-0.103363411982927
"611","B4_Nu_O32","both","warm","hypoxic","MEmidnightblue",-0.00250487023272673
"612","B5_Nu_O36","both","warm","hypoxic","MEmidnightblue",-0.117938473386506
"613","B6_Nu_O47","both","warm","hypoxic","MEmidnightblue",-0.0413080224342284
"614","C1_Nu_W01","control","ambient","normoxic","MEmidnightblue",-0.0663596476161698
"615","C1_Nu_W05","control","ambient","normoxic","MEmidnightblue",-0.111234865609046
"616","C2_Nu_W15","control","ambient","normoxic","MEmidnightblue",0.00137238185568649
"617","C3_Nu_W21","control","ambient","normoxic","MEmidnightblue",-0.0322342496340699
"618","C4_Nu_W29","control","ambient","normoxic","MEmidnightblue",-0.0976843129314162
"619","C6_Nu_W42","control","ambient","normoxic","MEmidnightblue",-0.0849658742658162
"620","H1_Nu_B08","hypoxic","ambient","hypoxic","MEmidnightblue",-0.0576254469754934
"621","H2_Nu_B14","hypoxic","ambient","hypoxic","MEmidnightblue",-0.0235438859042446
"622","H3_Nu_B18","hypoxic","ambient","hypoxic","MEmidnightblue",-0.0334517426219185
"623","H4_Nu_B28","hypoxic","ambient","hypoxic","MEmidnightblue",-0.063545403799651
"624","H5_Nu_B35","hypoxic","ambient","hypoxic","MEmidnightblue",-0.0562536848513341
"625","W1_Nu_G02","warm","warm","normoxic","MEmidnightblue",0.0551035723679973
"626","W2_Nu_G15","warm","warm","normoxic","MEmidnightblue",-0.0574983515473099
"627","W3_Nu_G21","warm","warm","normoxic","MEmidnightblue",0.078380612993117
"628","W4_Nu_G27","warm","warm","normoxic","MEmidnightblue",0.950633192559327
"629","W6_Nu_G41","warm","warm","normoxic","MEmidnightblue",-0.095226839966097
"630","W6_Nu_G45","warm","warm","normoxic","MEmidnightblue",-0.0407506760171718
"631","B1_Nu_O03","both","warm","hypoxic","MEcyan",-0.0369413712510163
"632","B4_Nu_O32","both","warm","hypoxic","MEcyan",-0.0497315705363985
"633","B5_Nu_O36","both","warm","hypoxic","MEcyan",-0.0630074097473534
"634","B6_Nu_O47","both","warm","hypoxic","MEcyan",-0.0508763772261602
"635","C1_Nu_W01","control","ambient","normoxic","MEcyan",0.971362123165626
"636","C1_Nu_W05","control","ambient","normoxic","MEcyan",-0.0407247410520662
"637","C2_Nu_W15","control","ambient","normoxic","MEcyan",-0.0698585801257889
"638","C3_Nu_W21","control","ambient","normoxic","MEcyan",-0.056231390016618
"639","C4_Nu_W29","control","ambient","normoxic","MEcyan",-0.0191408118165557
"640","C6_Nu_W42","control","ambient","normoxic","MEcyan",-0.0879581984824778
"641","H1_Nu_B08","hypoxic","ambient","hypoxic","MEcyan",-0.0250878785479699
"642","H2_Nu_B14","hypoxic","ambient","hypoxic","MEcyan",-0.0921873121667813
"643","H3_Nu_B18","hypoxic","ambient","hypoxic","MEcyan",-0.0597257347186722
"644","H4_Nu_B28","hypoxic","ambient","hypoxic","MEcyan",-0.0532196998956737
"645","H5_Nu_B35","hypoxic","ambient","hypoxic","MEcyan",-0.0601488588606655
"646","W1_Nu_G02","warm","warm","normoxic","MEcyan",0.00242628895045036
"647","W2_Nu_G15","warm","warm","normoxic","MEcyan",-0.0364205488717185
"648","W3_Nu_G21","warm","warm","normoxic","MEcyan",-0.0578646854564018
"649","W4_Nu_G27","warm","warm","normoxic","MEcyan",-0.0433904908116905
"650","W6_Nu_G41","warm","warm","normoxic","MEcyan",-0.033753261185048
"651","W6_Nu_G45","warm","warm","normoxic","MEcyan",-0.0375194913470199
"652","B1_Nu_O03","both","warm","hypoxic","MEbrown",-0.0969659500298874
"653","B4_Nu_O32","both","warm","hypoxic","MEbrown",-0.0174072967582573
"654","B5_Nu_O36","both","warm","hypoxic","MEbrown",-0.0920606656139474
"655","B6_Nu_O47","both","warm","hypoxic","MEbrown",-0.0703945910627142
"656","C1_Nu_W01","control","ambient","normoxic","MEbrown",-0.0282225378912861
"657","C1_Nu_W05","control","ambient","normoxic","MEbrown",-0.0659163776237387
"658","C2_Nu_W15","control","ambient","normoxic","MEbrown",-0.0383831483468242
"659","C3_Nu_W21","control","ambient","normoxic","MEbrown",-0.0515726751286863
"660","C4_Nu_W29","control","ambient","normoxic","MEbrown",0.000857646707624047
"661","C6_Nu_W42","control","ambient","normoxic","MEbrown",-0.0312838094479467
"662","H1_Nu_B08","hypoxic","ambient","hypoxic","MEbrown",0.967361866501245
"663","H2_Nu_B14","hypoxic","ambient","hypoxic","MEbrown",-0.0868016414816039
"664","H3_Nu_B18","hypoxic","ambient","hypoxic","MEbrown",-0.0165424171228593
"665","H4_Nu_B28","hypoxic","ambient","hypoxic","MEbrown",-0.00950798212793463
"666","H5_Nu_B35","hypoxic","ambient","hypoxic","MEbrown",-0.0595069019742349
"667","W1_Nu_G02","warm","warm","normoxic","MEbrown",-0.026581559634466
"668","W2_Nu_G15","warm","warm","normoxic","MEbrown",-0.0465866486315266
"669","W3_Nu_G21","warm","warm","normoxic","MEbrown",-0.0892168457023522
"670","W4_Nu_G27","warm","warm","normoxic","MEbrown",-0.0462518556353025
"671","W6_Nu_G41","warm","warm","normoxic","MEbrown",-0.0782625159125441
"672","W6_Nu_G45","warm","warm","normoxic","MEbrown",-0.0167540930827568
"673","B1_Nu_O03","both","warm","hypoxic","MEskyblue3",-0.244896297693405
"674","B4_Nu_O32","both","warm","hypoxic","MEskyblue3",0.21851876507744
"675","B5_Nu_O36","both","warm","hypoxic","MEskyblue3",-0.241643013174671
"676","B6_Nu_O47","both","warm","hypoxic","MEskyblue3",-0.22676958596585
"677","C1_Nu_W01","control","ambient","normoxic","MEskyblue3",0.217343770733996
"678","C1_Nu_W05","control","ambient","normoxic","MEskyblue3",-0.0722827435753132
"679","C2_Nu_W15","control","ambient","normoxic","MEskyblue3",-0.0130871797429669
"680","C3_Nu_W21","control","ambient","normoxic","MEskyblue3",-0.100631804467555
"681","C4_Nu_W29","control","ambient","normoxic","MEskyblue3",0.0370400185051417
"682","C6_Nu_W42","control","ambient","normoxic","MEskyblue3",-0.0545563174494715
"683","H1_Nu_B08","hypoxic","ambient","hypoxic","MEskyblue3",0.620491556165945
"684","H2_Nu_B14","hypoxic","ambient","hypoxic","MEskyblue3",-0.16634570543207
"685","H3_Nu_B18","hypoxic","ambient","hypoxic","MEskyblue3",0.352977830468029
"686","H4_Nu_B28","hypoxic","ambient","hypoxic","MEskyblue3",-0.0383822773067812
"687","H5_Nu_B35","hypoxic","ambient","hypoxic","MEskyblue3",-0.231013744589426
"688","W1_Nu_G02","warm","warm","normoxic","MEskyblue3",0.18996925168874
"689","W2_Nu_G15","warm","warm","normoxic","MEskyblue3",-0.0554562734144279
"690","W3_Nu_G21","warm","warm","normoxic","MEskyblue3",-0.100628689029859
"691","W4_Nu_G27","warm","warm","normoxic","MEskyblue3",0.128839536913285
"692","W6_Nu_G41","warm","warm","normoxic","MEskyblue3",-0.238698449048225
"693","W6_Nu_G45","warm","warm","normoxic","MEskyblue3",0.0192113513374455
